Reference, Quantity, Value, Footprint, Datasheet, Manufacturer_Name, Manufacturer_Part_Number, Allied_Number, Height
AUDIO-IN1 COMPOSITE1 AUDIO-OUT1 ,3,"332-02","Connector_PinHeader_2.54mm:PinHeader_1x02_P2.54mm_Vertical","","SAMTEC","TSW–101–10–T–D–RA","",""
C1 ,1,"30pF","Capacitor_THT:C_Disc_D5.0mm_W2.5mm_P2.50mm","","AVX ","SR151A300JAR ","",""
C2 ,1,"100pF","Capacitor_THT:C_Disc_D5.0mm_W2.5mm_P2.50mm","","TDK","FA18C0G1H101JNU06 ","",""
C21 C13 C10 C15 C16 C17 C18 C20 C14 C19 ,10,"100nF","Capacitor_THT:C_Disc_D5.0mm_W2.5mm_P5.00mm","","Vishay","K104K15X7RF53H5","70122995","3"
C3 C6 ,2,"47nF","Capacitor_THT:C_Disc_D5.0mm_W2.5mm_P2.50mm","","vishay","K473K15X7RF5TL2","","4"
C4 C5 ,2,"47pF","Capacitor_THT:C_Disc_D5.0mm_W2.5mm_P2.50mm","","tdk","FA18C0G1H470JNU00","",""
C7 ,1,"1uF","Capacitor_THT:CP_Radial_D5.0mm_P2.00mm","","Lelon","REA010M2CBK-0511P","",""
C8 ,1,"2200pF","Capacitor_THT:C_Disc_D5.0mm_W2.5mm_P2.50mm","","Vishay","K222K15X7RH5UL2 ","","4"
C9 C11 C12 ,3,"100uF","Capacitor_THT:CP_Radial_D6.3mm_P2.50mm","","Lelon","REA101M1CBK-0611P","","11"
D11 D1 D9 D8 D3 D4 D5 D6 D7 D10 D2 ,11,"1N4148","Diode_THT:D_DO-35_SOD27_P2.54mm_Vertical_AnodeUp","","ON Semiconductor","1N4148","",""
H2 H1 H4 H3 ,4,"MountingHole","MountingHole:MountingHole_2.5mm","","hole","hole","",""
J100 J101 J102 ,3,"Conn_02x05_Odd_Even","Connector_PinHeader_2.54mm:PinHeader_2x05_P2.54mm_Vertical","","SAMTEC","TSW–105–10–T–D–RA","",""
J104 J103 ,2,"Conn_02x03_Odd_Even","Connector_PinHeader_2.54mm:PinHeader_2x03_P2.54mm_Vertical","","SAMTEC","TSW–103–10–T–D–RA","",""
J105 ,1,"Conn_02x04_Odd_Even","Connector_PinHeader_2.54mm:PinHeader_2x04_P2.54mm_Vertical","","SAMTEC","TSW–104–10–T–D–RA","",""
J5 ,1,"Conn_01x08_Female","Connector_PinSocket_1.27mm:PinSocket_1x08_P1.27mm_Vertical","","HARWIN","M52-5000845 ","",""
J6 ,1,"Conn_01x05_Female","Connector_PinSocket_1.27mm:PinSocket_1x05_P1.27mm_Vertical","","HARWIN","M52-5000545 ","",""
J7 ,1,"Conn_01x03","Connector_PinHeader_1.27mm:PinHeader_1x03_P1.27mm_Vertical","","HARWIN","M52-040023V0345 ","",""
J8 ,1,"Conn_02x05","Connector_PinHeader_1.27mm:PinHeader_2x05_P1.27mm_Vertical","","HARWIN","M52-040023V0545 ","",""
KEYBOARD1 ,1,"Conn_02x08_Odd_Even","Connector_PinHeader_2.54mm:PinHeader_2x08_P2.54mm_Vertical","","SAMTEC","TSW–108–10–T–D–RA","",""
L1 ,1,"EMI_Filter_LL_1423","SamacSys_Parts:KEMET_SBT_0260T","","KEMET","SBT-0260","",""
LVR1 ,1,"LM7805_TO220","Package_TO_SOT_THT:TO-220-3_Vertical","","texas instruments","LM7805CT/NOPB","",""
Logo1 ,1,"ZilogFront","Symbol:ZilogInsideFront","","logo","logo","",""
Logo2 ,1,"ZilogBack","Symbol:ZilogInsideBack","","logo","logo","",""
POWER-9V-DC1 ,1,"cuipj:CUI_PJ-036C","cuipj:CUI_PJ-036C","","CUI","PJ-036C","",""
Q1 Q101 ,2,"2N3904","Package_TO_SOT_THT:TO-92_Inline","","","2N3904","",""
Q2 ,1,"2N2369","Package_TO_SOT_THT:TO-18-3","","","2N2369","",""
Q3 ,1,"BC183","Package_TO_SOT_THT:TO-92L_Inline","","","BC183","",""
R1 ,1,"4k7","Resistor_THT:R_Axial_DIN0204_L3.6mm_D1.6mm_P1.90mm_Vertical","","Vishay","MBA02040C4708FRP00","",""
R100 ,1,"100","Resistor_THT:R_Axial_DIN0204_L3.6mm_D1.6mm_P1.90mm_Vertical","","Vishay","MBA02040C1000FRP00 ","",""
R102 ,1,"200","Resistor_THT:R_Axial_DIN0204_L3.6mm_D1.6mm_P1.90mm_Vertical","","Vishay","MBA02040C2000FRP00 ","",""
R2 ,1,"47k","Resistor_THT:R_Axial_DIN0204_L3.6mm_D1.6mm_P1.90mm_Vertical","","Vishay","MBA02040C4702FC100","",""
R23 R22 R19 R20 R7 R21 R6 ,7,"1K","Resistor_THT:R_Axial_DIN0204_L3.6mm_D1.6mm_P1.90mm_Vertical","","Vishay","MBA02040C1202FRP00","",""
R24 R32 R10 ,3,"10k","Resistor_THT:R_Axial_DIN0204_L3.6mm_D1.6mm_P1.90mm_Vertical","","Vishay","MBA02040C1002FRP00 ","",""
R25 ,1,"220k","Resistor_THT:R_Axial_DIN0204_L3.6mm_D1.6mm_P1.90mm_Vertical","","Vishay","MBA02040C2203FRP00","",""
R26 ,1,"330R","Resistor_THT:R_Axial_DIN0204_L3.6mm_D1.6mm_P1.90mm_Vertical","","Vishay","MBA02040C3300FRP00 ","",""
R4 R3 ,2,"1K5","Resistor_THT:R_Axial_DIN0204_L3.6mm_D1.6mm_P1.90mm_Vertical","","Vishay","MBA02040C1501FC100","",""
R5 ,1,"12k","Resistor_THT:R_Axial_DIN0204_L3.6mm_D1.6mm_P1.90mm_Vertical","","Vishay","MBA02040C1202FRP00","",""
R8 R110 ,2,"270R","Resistor_THT:R_Axial_DIN0204_L3.6mm_D1.6mm_P1.90mm_Vertical","","Vishay","MBA02040C2700FRP00 ","",""
R9 ,1,"22k","Resistor_THT:R_Axial_DIN0204_L3.6mm_D1.6mm_P1.90mm_Vertical","","Vishay","MBA02040C2202FRP00","",""
RN3 RN2 RN1 ,3,"1k","Package_DIP:DIP-16_W7.62mm","","Bourns","4116R-1-102LF ","",""
RV101 ,1,"100","Potentiometer_THT:3362H1103LF","","Bourns","3362H1103LF","",""
SPK1 ,1,"SPk1","Connector_PinHeader_2.54mm:PinHeader_1x02_P2.54mm_Vertical","","SAMTEC","TSW–101–10–T–D–RA","",""
X1 ,1,"6.5MHz","Crystal:Crystal_HC49-U_Vertical","","ECS ","ECS-65-20-4X ","",""
Z0 ,1,"Z80CPU_LCC","Package_LCC:PLCC-44_THT-Socket","","Zilog","Z84C0020PEG","",""
Z1-2 ,1,"SST39SF010A-45-4I-NHE ","Package_LCC:PLCC-32_THT_Socket_11.4x14.0mm_P1.27mm","http://ww1.microchip.com/downloads/en/DeviceDoc/20005022C.pdf","microchip","SST39SF010A-45-4I-NHE ","",""
Z101 ,1,"SN74ALS21AN","Package_DIP:DIP-14_W7.62mm","http://www.ti.com/lit/gpn/sn74LS21","Texas Instruments","SN74ALS21AN ","",""
Z102 ,1,"SN74AHCT04N","Package_DIP:DIP-14_W7.62mm","http://www.ti.com/lit/gpn/snSN74AHCT04","Texas Instruments","SN74AHCT04N","",""
Z110 ,1,"SN74ALS30AN ","Package_DIP:DIP-14_W7.62mm","http://www.ti.com/lit/ds/symlink/sn74als30a.pdf","Texas Instruments","SN74ALS30AN ","",""
Z111 ,1,"SN74AHCT139N ","Package_DIP:DIP-16_W7.62mm","http://www.ti.com/lit/gpn/sn74LS139","Texas Instruments","SN74AHCT139N","",""
Z112 ,1,"Z84-KIO-PLCC-84","Package_LCC:PLCC-84_THT-Socket","","Zilog","Z84C9010VEG","",""
Z120 Z3-4 ,2,"IS61C256AL-12JLI","aaaafootprints:28-BSOJ","https://www.alliancememory.com/wp-content/uploads/pdf/AS6C4008.pdf","ISIS","IS61C256AL-12JLI","",""
Z18 Z17 Z16 Z15 Z14 ,5,"SN74LS367AN","Package_DIP:DIP-16_W7.62mm","","Texas Instruments","SN74LS367AN","",""
Z19 ,1,"SN74AHCT00N","Package_DIP:DIP-14_W7.62mm","http://www.ti.com/lit/gpn/sn74ls00","Texas Instruments","SN74AHCT00N","",""
Z20 ,1,"SN74AHCT08N","Package_DIP:DIP-14_W7.62mm","http://www.ti.com/lit/gpn/sn74LS08","Texas Instruments","SN74AHCT08N","",""
Z22 Z21 ,2,"SN74ACT11N","Package_DIP:DIP-14_W7.62mm","http://www.ti.com/lit/gpn/sn74LS11","Texas Instruments","SN74ACT11N","",""
Z23 ,1,"SN74AHCT86N","Package_DIP:DIP-14_W7.62mm","74xx/74ls86.pdf","Texas Instruments","SN74AHCT86N","",""
Z25 Z24 ,2,"SN74AHCT02N","Package_DIP:DIP-14_W7.62mm","","Texas Instruments","SN74AHCT02N","",""
Z26 ,1,"SN74AHCT32N","Package_DIP:DIP-14_W7.62mm","","Texas Instruments","SN74AHCT32N","",""
Z27 ,1,"SN74AHCT74N","Package_DIP:DIP-14_W7.62mm","74xx/74hc_hct74.pdf","Texas Instruments","SN74AHCT74N","",""
Z28 ,1,"SN74ALS166N","Package_DIP:DIP-16_W7.62mm","http://www.ti.com/lit/gpn/sn74LS166","Texas Instruments","SN74ALS166N","595-SN74ALS166N",""
Z29 ,1,"SN74AHCT138N","Package_DIP:DIP-16_W7.62mm","http://www.ti.com/lit/gpn/sn74LS138","Texas Instruments","SN74AHCT138N","",""
Z5-6 Z7-8 ,2,"6116SA20TPGI","Package_DIP:DIP-24_W7.62mm","","IDT","6116SA20TPGI","",""
Z80CPUOUT1 ,1,"Conn_02x22_Odd_Even","Connector_PinHeader_2.54mm:PinHeader_2x22_P2.54mm_Vertical","","SAMTEC","TSW-122-10-T-S","",""
Z9 Z10 Z11 ,3,"CD74HCT393E ","Package_DIP:DIP-14_W7.62mm","","Texas Instruments","CD74HCT393E","",""